1;_uy1049__rg255
3;_uy1049__lq116
2;_uy1049__st141
4;_uy1049__mt624
5;_uy1049__gw1310
7;_uy1049__pd321
6;_pc1306__yo64
8;_ap1178__og411
9;_uy1049__xe578
10;_uy1049__tr425
12;_uy1049__pw1071
11;_uy1049__io285
15;_tu1192__pc1108
14;_pc1306__eh742
13;_pc1306__rm1305
16;_uy1049__mu1014
18;_pe804__go872
17;_uy1049__cl963
19;_pc1306__fl1018
20;_uy1049__am1130
22;_pe804__ib382
21;_uy1049__ty1242
23;_uy1049__ec502
24;_uy1049__gm1176
25;_uy1049__lx175
27;_uy1049__nw498
26;_pc1306__tr82
28;_uy1049__vv949
29;_uy1049__yi1279
30;_tu1192__mf735
31;_uy1049__en1111
32;_uy1049__wu659
33;_uy1049__cy597
34;_uy1049__lo931
35;_uy1049__ee1366
36;_bx752__pj1220
37;_pe804__em191
40;_tu1192__ma328
39;_uy1049__ra85
38;_uy1049__tq844
41;_bx752__cj1069
42;_uy1049__kg1119
43;_tu1192__tv1034
44;_bx752__kl604
45;_uy1049__mx832
46;_pc1306__mv824
48;_bx752__ew851
47;_bx752__qm1056
49;_uy1049__sd1383
50;_pc1306__hb842
52;_uy1049__se1258
51;_uy1049__ja764
53;_bx752__wt950
54;_bx752__kw1361
55;_uy1049__fi431
57;_bx752__mc492
56;_tu1192__fj784
58;_uy1049__cx881
59;_tu1192__mv1233
60;_uy1049__cf339
61;_uy1049__rq276
62;_pc1306__re1409
65;_bx752__yt192
64;_uy1049__va1045
63;_uy1049__ny1196
66;_uy1049__sa313
67;_uy1049__vw1363
68;_pc1306__vy1006
69;_pc1306__qi506
70;_uy1049__ms348
71;_uy1049__tq488
73;_bx752__dq440
72;_pc1306__dm624
75;_uy1049__ao367
74;_uy1049__na287
76;_bx752__jq1005
77;_ap1178__ai387
78;_uy1049__sh1146
80;_uy1049__bm1164
79;_uy1049__ng157
81;_uy1049__vr793
83;_uy1049__na1287
82;_pc1306__pm17
84;_uy1049__wj502
85;_uy1049__tf685
86;_uy1049__sv469
87;_pc1306__fy301
88;_uy1049__vw418
90;_uy1049__fe74
89;_uy1049__ur546
91;_pc1306__tp375
93;_uy1049__dx766
92;_tu1192__be518
94;_tu1192__cp714
95;_uy1049__na460
96;_pe804__ps162
97;_uy1049__fb45
98;_uy1049__pj893
99;_uy1049__yd235
102;_uy1049__ir724
101;_uy1049__bk856
100;_pc1306__bt900
103;_uy1049__nd462
104;_tu1192__gg104
106;_uy1049__mi738
105;_uy1049__hi1359
107;_uy1049__gk1266
108;_uy1049__dt542
109;_bx752__ym483
110;_bx752__ps1281
111;_uy1049__bw216
112;_pc1306__wp1261
113;_uy1049__uw991
114;_pc1306__or18
116;_uy1049__kj1282
115;_pc1306__ul831
117;_px688__fh162
120;_bx752__gn963
119;_uy1049__dt423
118;_uy1049__yi735
121;_pe804__ea742
122;_uy1049__ex830
123;_bx752__eh531
124;_pe804__wm1207
125;_bx752__mc63
0;_uy1049
